{
    "theta0": 7295.386493129677,
    "theta1": 0.007312431878961792
}