{
    "theta0": 6.637987511928395e+25,
    "theta1": 8.455164248112039e+30
}